<?xml version="1.0" encoding="UTF-8"?>
<project-private xmlns="http://www.netbeans.org/ns/project-private/1">
    <editor-bookmarks xmlns="http://www.netbeans.org/ns/editor-bookmarks/2" lastBookmarkId="0"/>
    <open-files xmlns="http://www.netbeans.org/ns/projectui-open-files/2">
        <group>
            <file>file:/C:/Users/USER/Documents/NetBeansProjects/Prenda/src/java/com/modeloDAO/PrendaDAO.java</file>
            <file>file:/C:/Users/USER/Documents/NetBeansProjects/Prenda/src/java/com/modeloDAO/Conexion.java</file>
            <file>file:/C:/Users/USER/Documents/NetBeansProjects/Prenda/src/java/com/modelo/Prenda.java</file>
            <file>file:/C:/Users/USER/Documents/NetBeansProjects/Prenda/src/java/com/controlador/Controlador.java</file>
            <file>file:/C:/Users/USER/Documents/NetBeansProjects/Prenda/web/registrarPrenda.jsp</file>
        </group>
    </open-files>
</project-private>
